Feature,ADF_Statistic,ADF_P_Value,ADF_Stationary_0.05,KPSS_Statistic,KPSS_P_Value,KPSS_Stationary_0.05
rainfall_total_mm,-3.4293589717875683,0.009997825700089858,True,0.011875431863901406,0.1,True
rainfall_rate_mm_per_day,-3.3947989235589393,0.01113745894388197,True,0.011765656051391479,0.1,True
temp_mean_celsius,-2.7409676801692426,0.06721337410869813,False,0.00980592378507259,0.1,True
relative_humidity_2m_pct,-3.712444846940148,0.0039414727373537975,True,0.2532741320200406,0.1,True
surface_soil_wetness_index,-2.8260172335225664,0.05465242051655791,False,0.4770935468354497,0.04682577773976359,False
wind_speed_10m_ms,-1.8534287418663173,0.3542765944792965,False,0.1257302335709492,0.1,True
solar_irradiance_kwm2,-2.5306285588154687,0.10819878477918266,False,0.07923093639938138,0.1,True
rainfall_total_mm_anom,-14.128257054664873,2.3584793625477898e-26,True,0.1517736327006442,0.1,True
rainfall_rate_mm_per_day_anom,-14.139217566564025,2.2615555229176266e-26,True,0.15230238124729145,0.1,True
temp_mean_celsius_anom,-5.828035954079097,4.035961347104044e-07,True,0.6165009176887397,0.02113628021011457,False
relative_humidity_2m_pct_anom,-5.410717406581324,3.215991511745208e-06,True,1.0977140756643577,0.01,False
surface_soil_wetness_index_anom,-4.250587041648642,0.0005403642841267786,True,1.2173385838085502,0.01,False
wind_speed_10m_ms_anom,-13.157893157210127,1.325677222682052e-24,True,0.44497647665971546,0.05776876006046748,True
solar_irradiance_kwm2_anom,-7.79156961599009,7.916369271035303e-12,True,1.1835637100063952,0.01,False
USA_CPI,-2.608131297766245,0.09132831230556604,False,0.44380154941765404,0.058275194216528436,True
iip_general_yoy,-2.6757108726575094,0.07833647885258464,False,0.7273659421342006,0.011057641624163582,False
m3_money_supply_yoy,-0.8940581557095995,0.7899228538561731,False,1.3043016583601477,0.01,False
rbi_repo_rate_yoy_diff,-3.1026964773567722,0.026354279584376195,True,0.18357815601023872,0.1,True
wpi_primary_food_articles_yoy,-2.010069973830934,0.28217529613515097,False,0.3846008840162132,0.08379272240680466,True
wpi_manufactured_food_yoy,-2.948294885965684,0.04001332190747562,True,0.24100253928972268,0.1,True
wpi_wheat_yoy,-3.169135500512306,0.021842202830671512,True,0.17243233344263323,0.1,True
wpi_rice_yoy,-2.113245132786516,0.23922212843693008,False,0.29772366951047396,0.1,True
wpi_maize_yoy,-3.0388723904422763,0.03142024469303378,True,0.10059383090571461,0.1,True
wpi_gram_chana_yoy,-3.9087805439465853,0.0019711690619468813,True,0.06684671941087329,0.1,True
wpi_arhar_tur_yoy,-3.337714374566816,0.013274539458090883,True,0.08002651237337964,0.1,True
wpi_moong_yoy,-4.132968827447043,0.0008538808190817648,True,0.07234390997575549,0.1,True
wpi_urad_yoy,-3.529040620696789,0.007271851063642133,True,0.07547924685494528,0.1,True
wpi_masur_yoy,-2.949074704387151,0.03993168517659987,True,0.161983447924096,0.1,True
wpi_tomato_yoy,-4.827277216739709,4.821477654202381e-05,True,0.06281413938032301,0.1,True
wpi_onion_yoy,-4.327354124784528,0.0003981787585563036,True,0.02674330505309501,0.1,True
wpi_potato_yoy,-3.681989734608401,0.004373735983731199,True,0.04973887992604779,0.1,True
wpi_brinjal_yoy,-4.145610000542337,0.0008133982626867703,True,0.02281237939214044,0.1,True
wpi_cabbage_yoy,-4.675368373478246,9.359085017513199e-05,True,0.10254244305750262,0.1,True
wpi_garlic_yoy,-4.4694278114671215,0.00022322391528702742,True,0.060718282078059876,0.1,True
wpi_mustard_oil_yoy,-4.186391869013886,0.0006947335149041134,True,0.08308856857412585,0.1,True
wpi_soybean_oil_yoy,-4.304853555911469,0.00043569367026227365,True,0.33666427505613367,0.1,True
wpi_groundnut_oil_yoy,-4.497064404160256,0.00019905560418961746,True,0.08403685581383602,0.1,True
wpi_milk_yoy,-1.666936334894569,0.4482232963875491,False,0.33709299727146097,0.1,True
wpi_egg_yoy,-2.8040103231360995,0.05770320142801744,False,0.29822950210721294,0.1,True
wpi_sugar_yoy,-3.4589720197171823,0.009105458996758645,True,0.0921629485432582,0.1,True
crude_oil_brent_usd_yoy,-2.9662566545324225,0.038168033910109415,True,0.44349157078654394,0.05840880569545521,True
palm_oil_usd_yoy,-3.533350628988812,0.007170769156078419,True,0.2933726044585646,0.1,True
global_fertilizer_index_yoy,-3.1365577739995723,0.023963403137505026,True,0.2891200815535238,0.1,True
cpi_headline_yoy_lag1,-1.400126797783119,0.582215328562639,False,0.4315286009619556,0.06356525820605363,True
cpi_headline_yoy_lag12,-1.2426213016443861,0.6549977932148414,False,0.4799666058871981,0.046178692367748186,False
cpi_headline_yoy,-1.3985096664936272,0.5829903942159655,False,0.43258152608358735,0.06311141117086752,True
