Model,Config,Feature,Category,Mean_abs_coef,Rank_Overall,Rank_Cat,Share_PCT
AutoARIMA,Climate_only,relative_humidity_2m_pct_anom,Climate,2.8703215168740774,1,1,28.67097501885776
AutoARIMA,Climate_only,rainfall_total_mm,Climate,1.6769917759490027,2,2,16.751081379700747
AutoARIMA,Climate_only,relative_humidity_2m_pct,Climate,1.3246761794883368,3,3,13.231882709623374
AutoARIMA,Commodity_only,palm_oil_usd_yoy,Commodity,0.8464649291020061,1,1,18.01321422845293
AutoARIMA,Commodity_only,wpi_sugar_yoy,Commodity,0.5691050058480087,2,2,12.110850711441298
AutoARIMA,Commodity_only,wpi_wheat_yoy,Commodity,0.4064498616486902,3,3,8.649464590068815
AutoARIMA,Full,surface_soil_wetness_index,Climate,5.658151261040876,1,1,28.39801514120712
AutoARIMA,Full,relative_humidity_2m_pct,Climate,5.648216289606409,2,2,28.34815195158791
AutoARIMA,Full,palm_oil_usd_yoy,Commodity,0.8873185424360348,3,1,4.453413180498271
AutoARIMA,Macro_only,USA_CPI,Macroeconomic,2.7700624338903346,1,1,74.50274394114807
AutoARIMA,Macro_only,m3_money_supply_yoy,Macroeconomic,0.6589913009969782,2,2,17.724026562343404
AutoARIMA,Macro_only,rbi_repo_rate_yoy_diff,Macroeconomic,0.22326235391257965,3,3,6.004795336647427
Ridge_ARX,Climate_only,solar_irradiance_kwm2,Climate,0.06094852061783426,1,1,14.844189915695246
Ridge_ARX,Climate_only,surface_soil_wetness_index,Climate,0.060575624111173156,2,2,14.753369884172496
Ridge_ARX,Climate_only,solar_irradiance_kwm2_anom,Climate,0.05995232128461541,3,3,14.60156266328147
Ridge_ARX,Commodity_only,wpi_primary_food_articles_yoy,Commodity,0.7124458130344898,1,1,18.62853561539765
Ridge_ARX,Commodity_only,wpi_manufactured_food_yoy,Commodity,0.2721042655483763,2,2,7.114792324036241
Ridge_ARX,Commodity_only,wpi_onion_yoy,Commodity,0.25887444978256613,3,3,6.768868339826352
Ridge_ARX,Full,wpi_primary_food_articles_yoy,Commodity,0.6965598273659616,1,1,13.637570217934586
Ridge_ARX,Full,wpi_manufactured_food_yoy,Commodity,0.270414412443682,2,2,5.2942983398678365
Ridge_ARX,Full,wpi_arhar_tur_yoy,Commodity,0.24373352145470836,3,3,4.771927525410835
Ridge_ARX,Macro_only,m3_money_supply_yoy,Macroeconomic,0.20947542460699506,1,1,36.62322096857275
Ridge_ARX,Macro_only,rbi_repo_rate_yoy_diff,Macroeconomic,0.15357452579346534,2,2,26.849898043314624
Ridge_ARX,Macro_only,iip_general_yoy,Macroeconomic,0.10944641901221232,3,3,19.13484789551492
SARIMAX,Climate_only,rainfall_rate_mm_per_day,Climate,1.7976481627062135,1,1,15.966375372963446
SARIMAX,Climate_only,wind_speed_10m_ms_anom,Climate,1.4053536414066918,2,2,12.482088673392633
SARIMAX,Climate_only,surface_soil_wetness_index,Climate,1.2906422981579835,3,3,11.463243938453777
SARIMAX,Commodity_only,global_fertilizer_index_yoy,Commodity,0.9987911991308052,1,1,21.03290100170346
SARIMAX,Commodity_only,crude_oil_brent_usd_yoy,Commodity,0.5492809920145627,2,2,11.566954872263295
SARIMAX,Commodity_only,palm_oil_usd_yoy,Commodity,0.3868931649786873,3,3,8.147334141824713
SARIMAX,Full,surface_soil_wetness_index,Climate,5.696287236418521,1,1,26.209331718340756
SARIMAX,Full,wind_speed_10m_ms,Climate,5.678029829524546,2,2,26.125327100290324
SARIMAX,Full,rainfall_rate_mm_per_day,Climate,1.075510813170948,3,3,4.948560088199301
SARIMAX,Macro_only,iip_general_yoy,Macroeconomic,2.2713511677874223,1,1,57.74456557347387
SARIMAX,Macro_only,rbi_repo_rate_yoy_diff,Macroeconomic,0.9999164329130238,2,2,25.42087760237703
SARIMAX,Macro_only,m3_money_supply_yoy,Macroeconomic,0.34315936940052155,3,3,8.724141378720931
VARX,Climate_only,surface_soil_wetness_index,Climate,0.43247581394064205,1,1,22.768353943045824
VARX,Climate_only,solar_irradiance_kwm2,Climate,0.299929562751049,2,2,15.790252824718964
VARX,Climate_only,temp_mean_celsius,Climate,0.25111629478258124,3,3,13.220403306208418
VARX,Commodity_only,wpi_primary_food_articles_yoy,Commodity,0.8948032004731686,1,1,21.72167735843577
VARX,Commodity_only,wpi_arhar_tur_yoy,Commodity,0.31995046140694505,2,2,7.766915328073543
VARX,Commodity_only,wpi_manufactured_food_yoy,Commodity,0.2619253976461368,3,3,6.358335527455434
VARX,Full,wpi_primary_food_articles_yoy,Commodity,0.9023377339274838,1,1,14.017070652558788
VARX,Full,wpi_manufactured_food_yoy,Commodity,0.2904858991703147,2,2,4.512458272713214
VARX,Full,m3_money_supply_yoy,Macroeconomic,0.28024174122999795,3,1,4.35332374887989
VARX,Macro_only,m3_money_supply_yoy,Macroeconomic,0.1557149054465935,1,1,28.919577867787332
VARX,Macro_only,rbi_repo_rate_yoy_diff,Macroeconomic,0.15542602983863044,2,2,28.86592750840374
VARX,Macro_only,USA_CPI,Macroeconomic,0.12808334741022934,3,3,23.78780842061011
