Date,rainfall_total_mm,rainfall_rate_mm_per_day,temp_mean_celsius,temp_max_celsius,temp_min_celsius,relative_humidity_2m_pct,surface_soil_wetness_index,wind_speed_10m_ms,solar_irradiance_kwm2
01-01-2000,18.9,0.6096774193548387,18.3279,,,52.38937716,0.493564014,3.756539792,15.61460208
01-02-2000,28.1,0.9689655172413794,19.942,,,53.33878893,0.484186851,3.769584775,18.16287197
01-03-2000,18.7,0.6032258064516128,24.1604,,,46.85228374,0.448131488,3.696366782,21.78079585
01-04-2000,35.5,1.1833333333333333,28.8297,,,47.29131488,0.423806228,4.002560554,24.12861592
01-05-2000,72.3,2.332258064516129,30.0913,,,54.67117647,0.492214533,4.289031142,22.61093426
01-06-2000,185.2,6.173333333333333,28.9049,,,64.28657439,0.580865052,5.073356401,19.97764706
01-07-2000,268.6,8.66451612903226,27.4519,,,72.2367474,0.656228374,4.823252595,19.18058824
01-08-2000,225.4,7.270967741935484,27.2984,,,72.97626298,0.6716609,4.628685121,18.5966782
01-09-2000,135.8,4.526666666666667,27.0606,,,70.29044983,0.667128028,3.623598616,18.64235294
01-10-2000,41.5,1.3387096774193548,26.1396,,,58.41910035,0.606712803,3.116955017,18.4300692
01-11-2000,14.9,0.4966666666666667,22.6234,,,53.93958478,0.534013841,3.533564014,16.09453287
01-12-2000,9.6,0.3096774193548387,18.9869,,,48.34986159,0.492941176,3.637820069,15.04615917
01-01-2001,7.2,0.23225806451612904,18.0625,,,49.54920415,0.484705882,3.832906574,15.40103806
01-02-2001,10.2,0.36428571428571427,20.7408,,,46.03467128,0.435467128,3.635743945,18.83356401
01-03-2001,21.1,0.6806451612903226,24.7634,,,46.10608997,0.426920415,3.478788927,21.34564014
01-04-2001,45.5,1.5166666666666666,28.1456,,,49.403391,0.458096886,3.57899654,23.00719723
01-05-2001,61.8,1.993548387096774,30.4058,,,54.29429066,0.483079585,4.46615917,23.26685121
01-06-2001,215.2,7.173333333333333,28.867,,,66.46788927,0.604394464,5.10716263,19.71031142
01-07-2001,280.1,9.035483870967743,27.5604,,,72.53934256,0.664602076,4.983910035,18.56193772
01-08-2001,205.7,6.635483870967741,27.3196,,,74.7049481,0.692560554,4.468027682,18.50415225
01-09-2001,109.5,3.65,27.2013,,,69.34709343,0.660449827,3.450519031,19.31564014
01-10-2001,97.6,3.148387096774193,25.8768,,,63.35366782,0.634117647,3.187439446,17.71038062
01-11-2001,18.7,0.6233333333333333,22.5249,,,56.32051903,0.580207612,3.275709343,15.8232526
01-12-2001,6.1,0.19677419354838707,19.1961,,,53.80847751,0.530553633,3.662456747,14.29795848
01-01-2002,17.2,0.5548387096774193,18.0668,,,53.97809689,0.50083045,3.560069204,15.04820069
01-02-2002,20.8,0.7428571428571429,20.507,,,52.24629758,0.48982699,3.815813149,18.246609
01-03-2002,22.3,0.7193548387096774,25.0371,,,48.38941176,0.456228374,3.482560554,21.68747405
01-04-2002,39.1,1.3033333333333335,28.5437,,,47.73197232,0.44266436,3.76200692,23.56363322
01-05-2002,58.0,1.8709677419354838,30.583,,,52.16871972,0.46615917,4.666643599,23.29750865
01-06-2002,169.1,5.636666666666667,29.4811,,,62.40366782,0.569757785,4.728858131,20.8099654
01-07-2002,138.5,4.467741935483871,28.1895,,,66.34096886,0.607889273,5.064394464,19.28806228
01-08-2002,243.6,7.858064516129032,27.4201,,,72.3067128,0.665467128,4.605743945,17.64519031
01-09-2002,136.0,4.533333333333333,26.9258,,,71.09581315,0.674290657,3.709238754,18.90214533
01-10-2002,58.0,1.8709677419354838,25.7823,,,62.62051903,0.625743945,2.945051903,17.69885813
01-11-2002,16.2,0.5399999999999999,22.366,,,56.28875433,0.57017301,3.177820069,15.48321799
01-12-2002,4.9,0.15806451612903227,19.4116,,,53.67570934,0.52,3.539653979,14.35487889
01-01-2003,7.4,0.23870967741935484,17.8009,,,52.1349827,0.499238754,3.570380623,14.94079585
01-02-2003,40.8,1.457142857142857,20.6571,,,57.15477509,0.509792388,3.71799308,17.54692042
01-03-2003,34.6,1.1161290322580646,24.7423,,,50.92557093,0.482802768,3.700761246,21.02723183
01-04-2003,34.0,1.1333333333333333,28.4882,,,48.54892734,0.451799308,3.860276817,23.42314879
01-05-2003,37.9,1.2225806451612902,30.3115,,,49.88041522,0.44899654,4.481868512,22.9933218
01-06-2003,164.6,5.486666666666666,29.7028,,,61.17307958,0.532768166,5.046816609,20.19086505
01-07-2003,303.7,9.796774193548387,27.6963,,,73.40013841,0.674740484,4.653944637,18.53138408
01-08-2003,248.3,8.009677419354839,27.2896,,,75.67626298,0.701072664,4.487716263,18.02754325
01-09-2003,180.3,6.010000000000001,26.9879,,,73.78249135,0.695743945,3.847681661,18.14487889
01-10-2003,91.5,2.9516129032258065,25.3451,,,64.64076125,0.671903114,3.225432526,17.94387543
01-11-2003,10.7,0.35666666666666663,22.1761,,,58.19525952,0.612249135,3.433806228,16.30491349
01-12-2003,16.0,0.5161290322580645,19.066,,,60.05397924,0.566124567,3.64266436,14.2667128
01-01-2004,24.9,0.8032258064516129,17.8867,,,60.35515571,0.537681661,3.587750865,14.7383045
01-02-2004,10.0,0.3448275862068966,20.6908,,,51.80442907,0.503944637,3.53532872,18.95197232
01-03-2004,12.1,0.3903225806451613,25.8863,,,45.9650173,0.437923875,3.705916955,22.25792388
01-04-2004,50.7,1.6900000000000002,28.5763,,,50.13519031,0.450346021,3.791314879,23.03204152
01-05-2004,75.6,2.4387096774193546,30.0409,,,54.89259516,0.517128028,4.513183391,22.67785467
01-06-2004,166.3,5.543333333333334,29.1198,,,64.33536332,0.595536332,5.104844291,20.1899654
01-07-2004,242.7,7.829032258064516,27.8861,,,70.70211073,0.656851211,4.699307958,18.78200692
01-08-2004,252.8,8.154838709677419,27.1771,,,75.26633218,0.713460208,4.811626298,18.22141869
01-09-2004,123.3,4.11,27.2142,,,71.12875433,0.685363322,3.443564014,19.13131488
01-10-2004,92.0,2.967741935483871,24.9828,,,65.91404844,0.664532872,3.235397924,17.41397924
01-11-2004,16.4,0.5466666666666666,22.2705,,,58.55958478,0.598512111,3.19899654,15.83910035
01-12-2004,6.0,0.1935483870967742,19.2536,,,55.97785467,0.539896194,3.576955017,14.50820069
01-01-2005,31.5,1.0161290322580645,18.064,,,58.30775087,0.513356401,3.76183391,14.54875433
01-02-2005,45.0,1.6071428571428572,20.5714,,,57.72425606,0.511141869,4.009446367,17.90453287
01-03-2005,42.3,1.364516129032258,24.8885,,,54.74311419,0.48633218,3.562560554,20.74221453
01-04-2005,38.3,1.2766666666666666,27.9033,,,50.52577855,0.480899654,3.54816609,22.46010381
01-05-2005,49.1,1.5838709677419356,30.0307,,,53.32262976,0.495882353,3.976228374,23.1767474
01-06-2005,145.8,4.86,30.1269,,,58.97117647,0.529134948,4.87982699,20.66536332
01-07-2005,333.4,10.754838709677419,27.7041,,,73.8283045,0.679238754,4.929134948,18.26304498
01-08-2005,191.2,6.16774193548387,27.391,,,74.09366782,0.700034602,4.460761246,18.95276817
01-09-2005,201.4,6.713333333333334,27.1942,,,74.08889273,0.708581315,4.004982699,18.01197232
01-10-2005,97.3,3.138709677419355,25.3522,,,66.7249827,0.679550173,3.110138408,17.35010381
01-11-2005,26.7,0.89,21.8687,,,59.26131488,0.632110727,3.475743945,15.84785467
01-12-2005,11.4,0.36774193548387096,18.7312,,,55.77128028,0.581280277,3.664290657,14.42536332
01-01-2006,16.6,0.535483870967742,18.3248,,,54.27235294,0.535813149,4.039930796,15.81743945
01-02-2006,11.0,0.39285714285714285,21.826,,,51.33294118,0.481626298,3.504878893,18.70041522
01-03-2006,35.2,1.135483870967742,24.5087,,,53.10096886,0.506124567,3.407681661,21.08927336
01-04-2006,32.1,1.07,28.1715,,,49.50425606,0.467785467,3.735086505,23.12134948
01-05-2006,79.6,2.5677419354838706,30.3112,,,55.42401384,0.505086505,4.187508651,22.8067128
01-06-2006,151.0,5.033333333333333,29.2036,,,64.22750865,0.593217993,4.410242215,20.89031142
01-07-2006,288.0,9.290322580645162,27.9751,,,72.08415225,0.667128028,5.21467128,18.50055363
01-08-2006,288.2,9.296774193548387,27.1344,,,76.28546713,0.714359862,4.771695502,18.24577855
01-09-2006,170.7,5.6899999999999995,26.9626,,,73.41896194,0.707923875,3.733598616,18.83716263
01-10-2006,52.4,1.6903225806451612,25.8049,,,66.16394464,0.661211073,2.933737024,17.87089965
01-11-2006,33.2,1.1066666666666667,22.4242,,,63.61207612,0.624948097,3.156297578,14.89982699
01-12-2006,12.3,0.3967741935483871,19.2653,,,59.79698962,0.578823529,3.731384083,14.21269896
01-01-2007,2.3,0.07419354838709677,18.2991,,,51.76532872,0.514775087,3.649653979,15.81380623
01-02-2007,35.7,1.2750000000000001,20.6912,,,58.81449827,0.515259516,3.42816609,17.50619377
01-03-2007,34.3,1.1064516129032258,24.3229,,,52.98788927,0.490795848,3.69650519,21.69868512
01-04-2007,34.0,1.1333333333333333,28.6665,,,48.89757785,0.466747405,3.465432526,23.77290657
01-05-2007,49.5,1.596774193548387,30.4668,,,53.66356401,0.484982699,4.044948097,23.33346021
01-06-2007,199.9,6.663333333333333,29.401,,,63.2199308,0.566643599,4.848823529,20.39238754
01-07-2007,294.3,9.493548387096775,27.9624,,,73.20574394,0.677750865,4.806989619,18.78626298
01-08-2007,259.1,8.358064516129033,27.4335,,,76.20114187,0.721384083,4.334429066,18.36193772
01-09-2007,213.3,7.11,27.0388,,,74.39868512,0.728788927,3.860795848,17.88775087
01-10-2007,55.9,1.803225806451613,25.4711,,,63.97712803,0.680242215,3.282387543,18.09017301
01-11-2007,14.6,0.48666666666666664,22.4741,,,58.20480969,0.614809689,3.002975779,16.16712803
01-12-2007,15.8,0.5096774193548387,19.0778,,,57.26055363,0.567854671,3.893252595,14.1016955
01-01-2008,22.2,0.7161290322580645,17.8505,,,56.48529412,0.521522491,4.010865052,14.65605536
01-02-2008,19.0,0.6551724137931034,19.6809,,,52.92034602,0.499307958,3.785743945,18.06875433
01-03-2008,38.1,1.229032258064516,25.1156,,,50.97923875,0.481972318,3.198512111,20.57235294
01-04-2008,32.5,1.0833333333333333,27.9736,,,51.24401384,0.494013841,3.601591696,23.41719723
01-05-2008,45.3,1.461290322580645,30.1482,,,54.95913495,0.490622837,4.316574394,23.09138408
01-06-2008,210.5,7.016666666666667,28.6796,,,68.19944637,0.626574394,4.841280277,19.16287197
01-07-2008,254.2,8.2,27.8309,,,74.5584083,0.706262976,4.627197232,18.5900692
01-08-2008,265.6,8.567741935483872,27.1109,,,77.71280277,0.761314879,4.210276817,18.2532526
01-09-2008,166.8,5.5600000000000005,26.933,,,75.43408304,0.7516609,3.645224913,18.55519031
01-10-2008,51.5,1.6612903225806452,25.9036,,,67.02768166,0.696574394,2.910726644,17.95100346
01-11-2008,25.6,0.8533333333333334,22.4457,,,61.22221453,0.630346021,3.49550173,15.69107266
01-12-2008,10.6,0.3419354838709677,20.0275,,,60.68183391,0.590519031,3.321868512,14.16435986
01-01-2009,11.5,0.3709677419354839,18.9432,,,59.05688581,0.545536332,3.589723183,15.13930796
01-02-2009,12.5,0.44642857142857145,21.601,,,52.12346021,0.49384083,3.746608997,18.73128028
01-03-2009,13.9,0.4483870967741936,25.16,,,49.49688581,0.468754325,3.487612457,20.84024221
01-04-2009,25.6,0.8533333333333334,28.6361,,,48.73975779,0.467231834,3.96200692,23.55532872
01-05-2009,56.4,1.8193548387096774,30.464,,,54.23294118,0.490692042,4.287508651,23.11903114
01-06-2009,87.5,2.9166666666666665,30.2346,,,59.56034602,0.548892734,4.766747405,22.18778547
01-07-2009,285.7,9.216129032258063,28.1943,,,71.75737024,0.663356401,5.236089965,18.61311419
01-08-2009,193.5,6.241935483870968,27.8527,,,73.75861592,0.695259516,4.190484429,19.06176471
01-09-2009,142.4,4.746666666666667,27.4927,,,72.91705882,0.717543253,3.724844291,19.16719723
01-10-2009,71.0,2.2903225806451615,25.6534,,,63.78806228,0.668788927,3.239896194,18.13564014
01-11-2009,54.7,1.8233333333333335,22.243,,,62.54539792,0.625986159,3.465640138,14.98252595
01-12-2009,11.2,0.36129032258064514,19.3949,,,60.09958478,0.584429066,3.53100346,13.74249135
01-01-2010,7.2,0.23225806451612904,18.0691,,,54.66615917,0.543910035,3.598235294,15.12422145
01-02-2010,15.4,0.55,21.0871,,,53.51584775,0.498027682,3.70716263,17.92242215
01-03-2010,18.1,0.5838709677419355,26.23,,,48.63297578,0.453702422,3.683148789,21.30321799
01-04-2010,45.3,1.51,29.5928,,,48.46429066,0.438615917,3.966228374,23.59615917
01-05-2010,73.1,2.358064516129032,30.9589,,,53.88183391,0.487647059,4.456539792,23.04612457
01-06-2010,141.3,4.71,29.8508,,,62.83885813,0.578546713,4.77716263,20.68553633
01-07-2010,299.1,9.648387096774194,28.0281,,,73.91,0.694152249,4.580795848,18.57979239
01-08-2010,273.3,8.816129032258065,27.4948,,,78.57740484,0.762629758,3.956989619,18.28259516
01-09-2010,197.9,6.596666666666667,26.9231,,,77.44145329,0.777301038,3.495951557,18.12588235
01-10-2010,69.1,2.229032258064516,26.0405,,,70.58989619,0.732941176,3.276089965,17.04747405
01-11-2010,57.2,1.9066666666666667,22.8694,,,67.16211073,0.691487889,3.144152249,14.97439446
01-12-2010,23.3,0.7516129032258064,18.6747,,,60.86425606,0.649792388,3.442491349,14.11221453
01-01-2011,7.5,0.24193548387096775,17.3511,,,58.78411765,0.599446367,3.842525952,15.17543253
01-02-2011,25.8,0.9214285714285715,20.6986,,,57.30643599,0.543460208,3.766816609,17.77356401
01-03-2011,24.0,0.7741935483870968,24.8257,,,50.99107266,0.493148789,3.753529412,21.58307958
01-04-2011,42.9,1.43,27.6133,,,51.83913495,0.491453287,3.411349481,22.83155709
01-05-2011,53.2,1.7161290322580647,30.5144,,,54.83446367,0.506401384,4.137750865,23.77017301
01-06-2011,183.1,6.1033333333333335,29.351,,,65.0616609,0.59899654,5.103771626,19.95958478
01-07-2011,247.8,7.993548387096775,27.9115,,,74.52536332,0.702249135,4.580069204,18.47366782
01-08-2011,288.7,9.312903225806451,27.2234,,,77.29259516,0.756020761,4.271764706,18.0116263
01-09-2011,191.5,6.383333333333334,26.8958,,,77.12557093,0.76550173,3.928788927,18.41044983
01-10-2011,38.5,1.2419354838709677,25.863,,,66.95820069,0.704809689,2.805605536,18.2450519
01-11-2011,20.7,0.69,22.6257,,,62.0267128,0.637058824,3.291384083,15.81595156
01-12-2011,7.9,0.25483870967741934,19.0776,,,56.82733564,0.569342561,3.74716263,14.21581315
01-01-2012,27.3,0.8806451612903226,17.4972,,,59.48657439,0.542802768,3.730380623,14.95425606
01-02-2012,12.6,0.43448275862068964,20.1722,,,52.37958478,0.49650519,4.154740484,18.18231834
01-03-2012,12.7,0.4096774193548387,24.489,,,48.17927336,0.451937716,3.836574394,21.57882353
01-04-2012,50.2,1.6733333333333333,28.2178,,,53.35179931,0.485743945,3.649619377,22.7100692
01-05-2012,33.3,1.0741935483870966,30.5943,,,52.66148789,0.486712803,4.269480969,23.97307958
01-06-2012,120.8,4.026666666666666,30.2876,,,60.5883391,0.537612457,5.196920415,20.88570934
01-07-2012,255.2,8.23225806451613,28.1078,,,72.43217993,0.66816609,4.889930796,18.57750865
01-08-2012,264.4,8.529032258064515,27.0871,,,76.58847751,0.725813149,4.45266436,17.96366782
01-09-2012,196.7,6.556666666666667,26.825,,,75.81795848,0.752110727,3.836470588,18.29615917
01-10-2012,59.4,1.9161290322580644,25.2363,,,66.95017301,0.69899654,3.24567474,18.05318339
01-11-2012,29.7,0.99,21.869,,,61.49460208,0.63899654,3.394117647,15.5883045
01-12-2012,11.5,0.3709677419354839,19.2462,,,58.32564014,0.576851211,3.830276817,14.28615917
01-01-2013,11.5,0.3709677419354839,17.9398,,,55.05062284,0.531211073,3.773217993,15.40051903
01-02-2013,39.3,1.4035714285714285,20.7939,,,58.60723183,0.532318339,3.91650519,17.68301038
01-03-2013,16.2,0.5225806451612903,24.8891,,,51.3000346,0.49532872,3.427301038,21.52394464
01-04-2013,32.9,1.0966666666666667,28.0778,,,52.32404844,0.483910035,3.700761246,23.29782007
01-05-2013,61.5,1.9838709677419355,30.8888,,,54.07121107,0.497024221,4.569653979,23.04359862
01-06-2013,220.7,7.3566666666666665,29.1089,,,67.53370242,0.637958478,4.943875433,20.04460208
01-07-2013,310.3,10.009677419354839,27.6233,,,75.25923875,0.72183391,5.064844291,18.17197232
01-08-2013,258.6,8.341935483870968,27.0838,,,76.87546713,0.746989619,4.222941176,18.63543253
01-09-2013,153.8,5.126666666666667,27.3465,,,74.5516263,0.733114187,3.633010381,18.60813149
01-10-2013,126.8,4.090322580645161,25.7179,,,71.14965398,0.724083045,3.299688581,16.69051903
01-11-2013,14.2,0.47333333333333333,21.8325,,,63.99512111,0.675017301,3.361868512,15.70429066
01-12-2013,6.9,0.22258064516129034,18.8874,,,60.53487889,0.614775087,3.648788927,14.18906574
01-01-2014,19.5,0.6290322580645161,18.0975,,,60.86418685,0.571487889,3.747231834,14.59422145
01-02-2014,27.3,0.975,19.938,,,57.23678201,0.531557093,3.973979239,17.6616609
01-03-2014,37.7,1.2161290322580647,23.8917,,,55.29733564,0.524359862,3.592768166,21.09934256
01-04-2014,23.7,0.7899999999999999,28.2547,,,50.06155709,0.475882353,3.638961938,23.52543253
01-05-2014,75.2,2.425806451612903,30.0059,,,54.41017301,0.509757785,4.132768166,23.5183045
01-06-2014,93.0,3.1,30.6739,,,60.10657439,0.54916955,4.993910035,21.95916955
01-07-2014,265.5,8.564516129032258,28.3767,,,71.23771626,0.663875433,5.033910035,18.78851211
01-08-2014,233.7,7.538709677419354,27.6581,,,75.29377163,0.718685121,4.300346021,18.73069204
01-09-2014,189.6,6.319999999999999,27.022,,,75.16972318,0.734602076,3.802491349,18.78747405
01-10-2014,61.9,1.9967741935483871,25.9676,,,67.44723183,0.683252595,2.99083045,17.6617301
01-11-2014,16.0,0.5333333333333333,22.5918,,,59.75442907,0.628685121,3.427577855,15.45117647
01-12-2014,12.8,0.4129032258064516,18.6218,,,57.15532872,0.57650519,3.731937716,13.66041522
01-01-2015,16.8,0.5419354838709678,17.9858,,,60.17141869,0.561799308,3.577058824,14.54093426
01-02-2015,22.7,0.8107142857142857,21.2186,,,55.39446367,0.517370242,3.618235294,18.12058824
01-03-2015,61.7,1.9903225806451614,24.0652,,,57.22788927,0.538650519,3.553806228,20.66961938
01-04-2015,69.8,2.3266666666666667,27.6559,,,57.07086505,0.545432526,3.513529412,22.65384083
01-05-2015,54.1,1.7451612903225806,30.6943,,,54.80657439,0.522768166,4.113737024,23.49228374
01-06-2015,188.4,6.28,29.3,,,65.05910035,0.609273356,4.863460208,20.36733564
01-07-2015,240.1,7.745161290322581,28.3823,,,71.7132872,0.694775087,4.893771626,19.31968858
01-08-2015,199.8,6.445161290322581,27.6763,,,75.49128028,0.723598616,4.176989619,18.86560554
01-09-2015,129.9,4.33,27.6759,,,72.00764706,0.710138408,3.612698962,19.32574394
01-10-2015,41.3,1.332258064516129,26.4847,,,63.55363322,0.659273356,2.852283737,18.03429066
01-11-2015,39.6,1.32,23.0356,,,60.89128028,0.605224913,3.417474048,14.64131488
01-12-2015,15.9,0.5129032258064516,19.4948,,,55.71449827,0.548304498,3.47283737,13.84896194
01-01-2016,7.8,0.25161290322580643,18.8581,,,53.39522491,0.509723183,3.32083045,14.72145329
01-02-2016,10.2,0.35172413793103446,21.9876,,,50.75602076,0.478304498,3.604048443,18.00179931
01-03-2016,30.9,0.996774193548387,25.7622,,,51.75788927,0.475536332,3.463114187,20.62200692
01-04-2016,31.2,1.04,29.4831,,,50.14086505,0.456643599,4.124740484,23.16093426
01-05-2016,67.7,2.1838709677419357,30.6623,,,55.27401384,0.518062284,4.283910035,22.84183391
01-06-2016,147.6,4.92,30.0489,,,64.46114187,0.596816609,4.488719723,20.16543253
01-07-2016,308.4,9.948387096774193,27.7954,,,75.266609,0.723079585,4.636851211,17.58
01-08-2016,239.7,7.732258064516128,27.5311,,,77.44508651,0.754878893,4.389411765,18.38916955
01-09-2016,169.8,5.66,27.2824,,,74.96782007,0.73384083,3.746989619,18.05688581
01-10-2016,54.8,1.7677419354838708,25.9806,,,65.58532872,0.692352941,3.199792388,17.90356401
01-11-2016,7.4,0.24666666666666667,22.3218,,,58.20121107,0.62100346,3.311211073,16.00948097
01-12-2016,8.1,0.26129032258064516,19.8519,,,55.72484429,0.564359862,3.550380623,14.60262976
01-01-2017,27.0,0.8709677419354839,18.4447,,,58.44044983,0.529134948,3.701314879,14.70955017
01-02-2017,12.5,0.44642857142857145,21.5453,,,51.9849481,0.497612457,3.699204152,18.58415225
01-03-2017,29.3,0.9451612903225807,24.6965,,,53.20871972,0.49100346,3.715743945,20.73297578
01-04-2017,44.1,1.47,29.1154,,,51.22750865,0.478096886,4.112871972,23.17273356
01-05-2017,55.6,1.7935483870967743,30.8486,,,55.26249135,0.516020761,3.886608997,22.78415225
01-06-2017,172.7,5.756666666666666,29.5501,,,66.09948097,0.623702422,4.741695502,19.55442907
01-07-2017,290.3,9.364516129032259,27.8896,,,75.36470588,0.717820069,4.78100346,17.56314879
01-08-2017,229.5,7.403225806451613,27.6331,,,77.06048443,0.747647059,4.140795848,17.83314879
01-09-2017,153.2,5.1066666666666665,27.6852,,,75.16449827,0.747024221,3.36532872,18.29304498
01-10-2017,81.6,2.6322580645161286,26.5229,,,65.72979239,0.693321799,3.104463668,17.3616609
01-11-2017,14.4,0.48000000000000004,22.2764,,,61.34584775,0.635363322,3.340692042,15.23975779
01-12-2017,16.3,0.5258064516129033,19.4577,,,59.03889273,0.592456747,3.722906574,14.0982699
01-01-2018,2.9,0.0935483870967742,18.3288,,,52.24287197,0.533979239,3.6916609,15.41439446
01-02-2018,12.8,0.4571428571428572,21.4452,,,52.78792388,0.499031142,3.633148789,17.83384083
01-03-2018,16.6,0.535483870967742,25.5966,,,49.77318339,0.466435986,3.38650519,20.75778547
01-04-2018,39.4,1.3133333333333332,28.5847,,,51.36868512,0.485951557,3.476712803,22.87366782
01-05-2018,58.5,1.8870967741935485,30.5347,,,54.66477509,0.508650519,3.957370242,22.54100346
01-06-2018,156.3,5.21,29.8662,,,64.54387543,0.593252595,4.935051903,19.54775087
01-07-2018,274.2,8.845161290322581,27.8978,,,74.65965398,0.700346021,5.069792388,16.94878893
01-08-2018,241.0,7.774193548387097,27.3493,,,77.42785467,0.745190311,4.707266436,16.80788927
01-09-2018,132.5,4.416666666666667,27.1646,,,74.38889273,0.734048443,3.494705882,18.66782007
01-10-2018,35.9,1.1580645161290322,25.8406,,,64.88224913,0.680242215,2.980449827,17.61262976
01-11-2018,21.1,0.7033333333333334,22.6524,,,60.91519031,0.608131488,3.389792388,15.34280277
01-12-2018,14.7,0.47419354838709676,18.6815,,,58.24508651,0.567093426,3.58083045,13.71903114
01-01-2019,18.6,0.6000000000000001,17.9152,,,57.83266436,0.538961938,3.723771626,14.92238754
01-02-2019,33.4,1.1928571428571428,20.5199,,,58.52266436,0.525121107,3.936989619,17.19647059
01-03-2019,19.0,0.6129032258064516,24.3576,,,55.06134948,0.50266436,3.563079585,21.22044983
01-04-2019,31.4,1.0466666666666666,28.9504,,,52.06242215,0.499031142,3.477958478,23.28474048
01-05-2019,51.7,1.667741935483871,30.6512,,,54.00712803,0.495813149,4.224359862,23.69411765
01-06-2019,113.6,3.7866666666666666,30.7165,,,61.2050173,0.564083045,4.653737024,20.95792388
01-07-2019,297.0,9.580645161290322,28.4163,,,73.51529412,0.69283737,4.8516609,17.64979239
01-08-2019,299.9,9.674193548387096,27.5964,,,77.91605536,0.758200692,4.538408304,17.47608997
01-09-2019,260.2,8.673333333333334,27.2329,,,76.80892734,0.761211073,3.731280277,17.07612457
01-10-2019,110.3,3.5580645161290323,25.531,,,72.90256055,0.753910035,2.91083045,16.65276817
01-11-2019,31.7,1.0566666666666666,22.8016,,,71.7583045,0.71366782,3.405743945,14.82681661
01-12-2019,19.0,0.6129032258064516,18.5412,,,68.03529412,0.667370242,3.58017301,13.18252595
01-01-2020,28.3,0.9129032258064517,17.8991,,,68.78152249,0.631937716,3.609792388,14.20854671
01-02-2020,12.1,0.41724137931034483,20.5327,,,59.64802768,0.570276817,3.448788927,17.8917301
01-03-2020,44.5,1.435483870967742,24.0553,,,60.47916955,0.556297578,3.402145329,20.61442907
01-04-2020,42.6,1.4200000000000002,28.0259,,,56.19231834,0.540588235,3.253079585,22.64916955
01-05-2020,71.6,2.3096774193548386,30.1196,,,57.94076125,0.56733564,3.891418685,23.03560554
01-06-2020,195.8,6.526666666666667,29.1555,,,69.74910035,0.670207612,4.358477509,19.87560554
01-07-2020,257.1,8.293548387096775,28.4407,,,75.68532872,0.734636678,4.189342561,18.49391003
01-08-2020,328.2,10.587096774193547,27.6847,,,78.18031142,0.768927336,4.568512111,17.39013841
01-09-2020,178.2,5.9399999999999995,27.7708,,,75.95591696,0.76432526,3.569031142,18.00352941
01-10-2020,78.8,2.541935483870968,26.4147,,,67.1666436,0.716608997,3.388685121,17.67235294
01-11-2020,29.2,0.9733333333333333,22.174,,,65.36221453,0.670968858,3.55615917,15.15591696
01-12-2020,16.9,0.5451612903225806,19.2556,,,63.58581315,0.634152249,3.803979239,13.89401384
01-01-2021,20.2,0.6516129032258065,18.7399,,,59.62823529,0.588131488,3.638062284,14.44370242
01-02-2021,7.7,0.275,21.3393,,,52.76235294,0.528096886,3.383287197,18.43795848
01-03-2021,17.1,0.5516129032258065,25.7727,,,50.22595156,0.479204152,3.484636678,20.84979239
01-04-2021,31.5,1.05,28.4454,,,49.85207612,0.480899654,3.523979239,22.54252595
01-05-2021,107.5,3.467741935483871,29.2635,,,60.09685121,0.572456747,4.031245675,21.25373702
01-06-2021,182.3,6.076666666666667,29.0389,,,68.98702422,0.663114187,4.605640138,19.91934256
01-07-2021,266.3,8.59032258064516,28.363,,,74.45788927,0.716055363,4.709342561,18.03733564
01-08-2021,194.3,6.267741935483872,27.7521,,,76.9250173,0.743910035,4.134809689,17.84238754
01-09-2021,229.3,7.6433333333333335,27.4259,,,77.30453287,0.765640138,3.780484429,17.39889273
01-10-2021,100.3,3.235483870967742,26.2037,,,72.50567474,0.747889273,3.213875433,17.15802768
01-11-2021,56.7,1.8900000000000001,22.3001,,,68.16823529,0.707370242,3.448685121,14.46813149
01-12-2021,20.4,0.6580645161290322,19.0719,,,66.56186851,0.66733564,3.396470588,13.44211073
01-01-2022,39.5,1.2741935483870968,17.8514,,,68.73522491,0.645813149,3.419896194,14.15038062
01-02-2022,19.1,0.6821428571428572,20.1696,,,61.20650519,0.590311419,3.641453287,17.7667128
01-03-2022,8.9,0.2870967741935484,26.2737,,,51.7799654,0.521730104,3.600934256,21.29809689
01-04-2022,38.2,1.2733333333333334,29.73,,,50.32048443,0.484740484,3.545467128,22.86681661
01-05-2022,83.2,2.6838709677419357,30.4304,,,57.72034602,0.532629758,4.309065744,21.65813149
01-06-2022,152.2,5.073333333333333,29.9451,,,64.70491349,0.600657439,4.364186851,19.97124567
01-07-2022,327.2,10.55483870967742,27.9132,,,74.73401384,0.723217993,4.411868512,18.2550519
01-08-2022,264.0,8.516129032258064,27.5964,,,78.9517301,0.766435986,4.215778547,17.49214533
01-09-2022,181.4,6.046666666666667,27.4371,,,78.22404844,0.766782007,3.538546713,17.46754325
01-10-2022,111.8,3.606451612903226,25.542,,,72.26432526,0.753183391,3.136124567,16.93252595
01-11-2022,18.6,0.62,22.3108,,,66.80515571,0.697058824,3.343529412,15.39788927
01-12-2022,13.6,0.43870967741935485,19.9536,,,64.0832872,0.640415225,3.618754325,14.00941176
01-01-2023,14.8,0.4774193548387097,18.258,,,60.00820069,0.584186851,3.881453287,14.94550173
01-02-2023,7.5,0.26785714285714285,21.9006,,,53.08508651,0.52716263,3.622941176,18.54574394
01-03-2023,37.6,1.2129032258064516,24.6432,,,56.80401384,0.524256055,3.156782007,19.62297578
01-04-2023,42.3,1.41,27.8429,,,53.6683045,0.526851211,3.405813149,22.41539792
01-05-2023,67.9,2.1903225806451614,29.3957,,,57.92245675,0.563391003,3.836816609,22.4882699
01-06-2023,152.9,5.096666666666667,30.1488,,,64.5783391,0.597404844,4.6183391,20.29695502
01-07-2023,316.5,10.209677419354838,28.1433,,,76.78269896,0.732975779,4.706989619,17.18560554
01-08-2023,162.9,5.254838709677419,28.0053,,,77.33622837,0.748200692,4.27384083,17.94771626
01-09-2023,189.9,6.33,27.934,,,75.42259516,0.73183391,3.831176471,17.66982699
01-10-2023,50.6,1.632258064516129,26.2356,,,68.433391,0.696920415,2.978788927,17.39577855
01-11-2023,34.7,1.1566666666666667,23.1552,,,65.27100346,0.648442907,3.014532872,14.46283737
01-12-2023,25.5,0.8225806451612904,19.9438,,,63.80446367,0.620103806,3.544705882,13.51262976
01-01-2024,7.2,0.23225806451612904,18.3748,,,59.45989619,0.562387543,3.339619377,14.09228374
01-02-2024,19.7,0.6793103448275862,21.1022,,,56.39685121,0.523598616,3.886366782,17.57892734
01-03-2024,28.6,0.9225806451612903,24.9235,,,53.37245675,0.502768166,3.662249135,20.76425606
01-04-2024,32.1,1.07,29.0582,,,52.07730104,0.489377163,3.673598616,22.04086505
01-05-2024,66.5,2.1451612903225805,31.075,,,55.15761246,0.523321799,3.93467128,22.39813149
01-06-2024,147.3,4.91,30.5463,,,64.37294118,0.601557093,4.508858131,19.39923875
01-07-2024,304.6,9.825806451612904,28.6501,,,75.9899308,0.730449827,4.981626298,16.68252595
01-08-2024,293.5,9.46774193548387,27.7915,,,79.36941176,0.788581315,4.098304498,17.32141869
01-09-2024,187.7,6.256666666666666,27.8783,,,78.38480969,0.784463668,3.818235294,17.59463668
01-10-2024,75.9,2.448387096774194,26.9184,,,72.12608997,0.746782007,3.003287197,17.0150519
01-11-2024,13.4,0.44666666666666666,23.1391,,,65.76432526,0.682352941,3.3283391,14.8700346
01-12-2024,27.6,0.8903225806451613,19.4597,,,63.19387543,0.633391003,3.874186851,13.36716263
01-01-2025,11.0967128,0.357958478,12.72352941,22.12577855,4.523529412,58.95896194,0.58349481,3.811038062,14.77854671
01-02-2025,11.69896194,0.417820069,14.96695502,24.48730104,6.401141869,53.41885813,0.517093426,3.643944637,17.89363322
01-03-2025,18.77806228,0.605743945,18.29411765,28.56089965,7.429342561,50.31128028,0.488235294,3.779723183,21.20269896
01-04-2025,43.45536332,1.448512111,22.21885813,31.09200692,13.34470588,50.97276817,0.495432526,3.561453287,22.53394464
01-05-2025,146.962526,4.740726644,23.73114187,32.69079585,16.89882353,60.32134948,0.580449827,3.869238754,20.53633218
01-06-2025,186.6,6.22,24.26854671,32.62550173,17.57525952,66.96785467,0.643321799,4.790899654,19.23823529
01-07-2025,255.6459516,8.246643599,23.64252595,29.91941176,17.89536332,76.61176471,0.737681661,4.790726644,16.94439446
01-08-2025,216.236263,6.975363322,22.94204152,29.05792388,17.63138408,78.59276817,0.769965398,4.053010381,17.06252595
01-09-2025,156.0570934,5.201903114,21.95605536,28.07854671,16.84740484,77.38920415,0.782941176,3.544705882,17.49591696
01-10-2025,121.5468166,3.920865052,19.43754325,26.28615917,13.19854671,73.27757785,0.755086505,3.42349481,16.52145329
01-11-2025,37.41695502,1.247231834,15.19529412,23.90709343,7.126782007,64.68584775,0.706297578,3.363598616,15.73314879
01-12-2025,11.81647059,0.381176471,12.91190311,21.40252595,5.479896194,62.74716263,0.645951557,3.477820069,14.2667128
